MLP_MAE,MLP_RMSE,LSTM_MAE,LSTM_RMSE,GRU_MAE,GRU_RMSE,CNN_MAE,CNN_RMSE
2.8831688376034,3.675732736234364,20.006338770249304,20.54362963390559,23.70072138169232,24.55098375886274,75.2576265671674,76.87628060036756
5.084612498563877,6.5296791892816195,26.641082853429452,27.001973793196875,21.140751647949212,22.01231136539107,7.947456449620866,9.49716348723496
5.169834630629594,6.871345432489589,24.922403313131888,25.873274947088586,20.798428344726556,22.15227884285246,7.476499759449679,8.307493189496585
3.5257929184857506,4.811342147370302,23.619042878992413,24.178173003356733,18.438699699850645,19.45038028371757,11.129602050781251,13.053041402335076
6.827237836052388,8.08314383681526,17.317400404986216,18.02227993383071,33.03119264490464,34.008139477308994,78.75542010139017,80.47326336472928
2.650776403090533,3.4346136926224915,13.835820456112131,14.139770888991055,26.140726964613965,27.01088083324652,8.598081341911765,10.378784151655676
2.831992025936351,3.621726769233091,33.184109945858225,33.631196773951984,9.130442540785845,10.343085762696395,9.094742808622472,10.627430409310602
