CASE_1_MAE,CASE_1_RMSE,CASE_2_MAE,CASE_2_RMSE,CASE_3_MAE,CASE_3_RMSE,CASE_4_MAE,CASE_4_RMSE,CASE_5_MAE,CASE_5_RMSE
15.036521103802851,18.779251034681693,7.917981764849493,8.913572316499081,20.285744521197156,24.374022493061105,16.834255083869486,20.432648355490368,2.9262372185202197,3.6627614861820836
12.643576049804686,16.7103996004156,7.419275530646827,8.832936025481553,24.15589087991154,28.246512927839355,17.699448888442102,19.416287116420094,2.982339926326973,3.8139697200914466
14.529663355210248,18.711355655739442,5.805730393353628,6.383121889482423,9.911032373764936,12.3667734932911,15.837787314022288,16.904027614917762,3.613258990119484,4.248301329422722
14.850236421472886,18.845753194917314,5.841790502211625,6.700977013627074,12.708069924747244,16.39335441812664,16.879584278779877,18.483360407350812,2.629871862074908,3.4310224288891993
11.462214391371782,14.697437048107336,6.080214915556064,6.82974348916117,15.44245677274816,18.923899768757494,22.860515280330887,24.979261225726873,6.892889224781708,8.305050012199072
15.259935984892008,19.73654794224753,5.970752850700825,6.67992867581488,21.0492114796358,25.743933137159996,18.243916590073535,20.63724239990767,3.6323283475988024,4.369305595598121
